{
    "accuracy": 0.465,
    "precision": 0.45454545454545453,
    "recall": 0.5154639175257731,
    "f1": 0.4830917874396135
}
